{"count":1,"self":260.85632,"total":333.2928305,"children":{"InitializeActuators":{"count":12,"self":0.0028139,"total":0.0028139,"children":null},"InitializeSensors":{"count":12,"self":0.0022515,"total":0.0022515,"children":null},"AgentSendState":{"count":7351,"self":0.1113783,"total":0.3957552,"children":{"CollectObservations":{"count":17652,"self":0.0450963,"total":0.0450963,"children":null},"WriteActionMask":{"count":17652,"self":0.015018799999999999,"total":0.015018799999999999,"children":null},"RequestDecision":{"count":17652,"self":0.065894899999999992,"total":0.22426179999999998,"children":{"AgentInfo.ToProto":{"count":17652,"self":0.06641459999999999,"total":0.1583669,"children":{"GenerateSensorData":{"count":17652,"self":0.0919523,"total":0.0919523,"children":null}}}}}}},"DecideAction":{"count":7351,"self":71.448544,"total":71.448545,"children":null},"AgentAct":{"count":7351,"self":0.5672026,"total":0.5861296,"children":{"AgentInfo.ToProto":{"count":793,"self":0.0063650999999999994,"total":0.018927,"children":{"GenerateSensorData":{"count":793,"self":0.012561899999999999,"total":0.012561899999999999,"children":null}}}}}},"gauges":{"3DBall.CumulativeReward":{"count":793,"max":5.29999638,"min":1.41561031E-07,"runningAverage":1.18650556,"value":1.00000012,"weightedAverage":1.28795123}},"metadata":{"timer_format_version":"0.1.0","start_time_seconds":"1753692324","unity_version":"6000.1.11f1","command_line_arguments":"C:\\Program Files\\Unity\\Hub\\Editor\\6000.1.11f1\\Editor\\Unity.exe -projectpath D:\\Projekti\\rl-agent-forgotten-trial\\RLAgentForgottenTrial -useHub -hubIPC -cloudEnvironment production","communication_protocol_version":"1.5.0","com.unity.ml-agents_version":"3.0.0","scene_name":"3DBall","end_time_seconds":"1753692657"}}